K Fold,Accuracy,Precison
1,71.64179104477611,0.7878787878787878
2,71.64179104477611,0.7878787878787878
3,78.78787878787878,0.7878787878787878
